annotation	n_indiv	mean_n_cells	mean_n_genes
B_ct	381.00	517.68	17723.34
Colonocyte_ct	297.00	1059.96	22178.65
Enterocyte_ct	343.00	686.13	21025.22
Mesenchymal_ct	363.00	48.57	13658.75
Myeloid_ct	395.00	604.22	17223.30
Plasma_ct	396.00	350.30	16665.52
Secretory_ct	390.00	761.76	22493.75
Stem_ct	390.00	301.88	20255.74
T_ct	396.00	1614.60	19856.89
B_blood	93.00	380.56	17870.22
B_r	235.00	204.96	14860.74
B_ti	296.00	383.83	15960.95
Colonocyte_r	259.00	1175.48	23253.93
Colonocyte_ti	77.00	131.79	13901.90
Enterocyte_ti	340.00	690.88	21125.61
Mesenchymal_r	215.00	29.33	11895.70
Mesenchymal_ti	275.00	40.43	13157.95
Myeloid_blood	94.00	1423.36	22239.38
Myeloid_r	249.00	41.88	11852.64
Myeloid_ti	339.00	278.54	15826.42
Plasma_blood	73.00	23.48	12209.78
Plasma_r	253.00	116.86	13589.35
Plasma_ti	336.00	319.52	16042.09
Secretory_r	259.00	326.75	20913.29
Secretory_ti	341.00	622.84	21327.06
Stem_r	257.00	98.67	17130.55
Stem_ti	338.00	273.07	20066.11
T_blood	94.00	3654.00	23842.23
T_r	254.00	191.13	15079.06
T_ti	340.00	727.50	18585.52
B_0_ct	343.00	219.81	14402.99
B_10_ct	168.00	26.57	11664.67
B_12_ct	283.00	32.92	8486.17
B_13_ct	94.00	11.02	8867.44
B_1_ct	385.00	215.68	15559.74
B_2_ct	364.00	153.26	14215.36
B_3_ct	357.00	74.69	12549.23
B_4_ct	280.00	74.02	12751.62
B_5_ct	321.00	107.73	9849.13
B_6_ct	213.00	61.95	12464.14
B_8_ct	192.00	52.81	13720.95
Epithelial_0_ct	267.00	423.64	20057.46
Epithelial_10_ct	272.00	129.01	18032.88
Epithelial_12_ct	327.00	80.72	16655.31
Epithelial_13_ct	267.00	94.33	16870.51
Epithelial_14_ct	333.00	78.80	16945.92
Epithelial_15_ct	366.00	42.76	14562.48
Epithelial_16_ct	309.00	139.88	17211.25
Epithelial_17_ct	270.00	64.60	16509.88
Epithelial_18_ct	315.00	40.82	15122.90
Epithelial_19_ct	268.00	54.60	15745.96
Epithelial_1_ct	338.00	362.67	17732.30
Epithelial_20_ct	253.00	71.47	12559.05
Epithelial_22_ct	220.00	47.88	14252.47
Epithelial_23_ct	361.00	32.73	15403.02
Epithelial_24_ct	254.00	29.18	14141.19
Epithelial_25_ct	304.00	39.47	13422.61
Epithelial_26_ct	298.00	24.26	13574.83
Epithelial_27_ct	293.00	17.98	13326.74
Epithelial_28_ct	292.00	17.12	13528.41
Epithelial_29_ct	251.00	19.35	12715.90
Epithelial_2_ct	339.00	243.96	18802.84
Epithelial_31_ct	218.00	33.11	12775.01
Epithelial_32_ct	134.00	11.44	9111.82
Epithelial_3_ct	269.00	364.88	19187.28
Epithelial_4_ct	338.00	160.12	15474.62
Epithelial_5_ct	271.00	186.24	18359.54
Epithelial_6_ct	386.00	153.72	15243.01
Epithelial_7_ct	328.00	121.28	18102.09
Epithelial_9_ct	333.00	104.33	16715.28
Mast_ct	328.00	29.08	9663.72
Mesenchymal_0_ct	227.00	16.77	10105.04
Mesenchymal_1_ct	147.00	21.78	11210.65
Mesenchymal_2_ct	129.00	16.51	9049.27
Mesenchymal_3_ct	103.00	11.64	8465.63
Mesenchymal_4_ct	92.00	10.91	10255.77
Mesenchymal_5_ct	69.00	11.13	10242.25
Mesenchymal_6_ct	77.00	10.23	8861.36
Mesenchymal_7_ct	72.00	9.25	9154.76
Myeloid_0_ct	111.00	415.05	17526.80
Myeloid_10_ct	60.00	51.23	11219.72
Myeloid_11_ct	108.00	36.27	13526.15
Myeloid_14_ct	213.00	13.94	5266.76
Myeloid_16_ct	65.00	9.49	10659.97
Myeloid_1_ct	109.00	458.98	17165.94
Myeloid_2_ct	365.00	140.90	8600.02
Myeloid_3_ct	97.00	219.09	17030.73
Myeloid_4_ct	350.00	49.11	13837.64
Myeloid_7_ct	125.00	86.32	5799.61
Myeloid_8_ct	279.00	44.87	13335.28
Platelet_ct	94.00	73.38	9955.04
T_0_ct	300.00	334.07	13514.91
T_10_ct	182.00	120.55	11747.53
T_12_ct	361.00	62.81	12156.35
T_13_ct	279.00	70.47	10752.90
T_15_ct	94.00	135.31	13753.94
T_16_ct	327.00	43.27	9961.59
T_19_ct	289.00	25.05	9830.10
T_1_ct	253.00	353.09	12867.64
T_20_ct	304.00	17.73	10190.18
T_21_ct	134.00	28.12	10293.22
T_24_ct	86.00	13.45	9766.40
T_2_ct	380.00	194.89	14161.97
T_3_ct	381.00	107.08	12708.24
T_4_ct	357.00	112.66	11820.28
T_5_ct	355.00	129.65	12797.88
T_6_ct	377.00	100.82	12256.65
T_7_ct	104.00	326.57	15554.71
T_8_ct	101.00	318.09	15160.35
T_9_ct	233.00	141.48	12263.08
B_0_blood	90.00	274.73	16055.01
B_0_r	197.00	77.68	11288.60
B_0_ti	244.00	144.59	12839.52
B_10_blood	88.00	37.20	12662.14
B_10_r	31.00	9.65	9806.81
B_10_ti	70.00	10.33	9998.17
B_12_r	128.00	16.41	6641.55
B_12_ti	207.00	31.60	8346.14
B_13_ti	76.00	11.00	9033.95
B_1_r	250.00	100.22	13093.58
B_1_ti	332.00	174.47	14753.05
B_2_blood	86.00	35.76	11506.52
B_2_r	215.00	62.27	12162.14
B_2_ti	255.00	153.75	13947.24
B_3_blood	86.00	43.01	12697.97
B_3_r	208.00	46.97	10935.74
B_3_ti	243.00	53.72	11154.63
B_4_blood	67.00	16.18	12134.76
B_4_r	78.00	21.28	10071.08
B_4_ti	217.00	81.54	12571.14
B_5_r	94.00	24.93	6866.29
B_5_ti	273.00	115.02	9770.60
B_6_r	96.00	37.18	11403.03
B_6_ti	156.00	60.91	12305.88
B_8_r	83.00	32.05	12433.43
B_8_ti	137.00	53.64	13704.56
Epithelial_0_r	259.00	434.53	20371.44
Epithelial_10_r	256.00	134.51	18319.89
Epithelial_12_ti	327.00	80.40	16619.36
Epithelial_13_r	257.00	96.95	17092.08
Epithelial_14_ti	330.00	78.62	17030.32
Epithelial_15_r	222.00	31.15	13789.96
Epithelial_15_ti	306.00	28.18	13339.62
Epithelial_16_ti	300.00	141.22	17184.65
Epithelial_17_r	254.00	66.26	16715.76
Epithelial_18_ti	315.00	40.79	15122.10
Epithelial_19_r	256.00	56.10	15938.17
Epithelial_1_ti	338.00	362.25	17728.30
Epithelial_20_r	245.00	72.11	12594.96
Epithelial_22_r	186.00	18.71	13578.87
Epithelial_22_ti	54.00	128.80	14968.24
Epithelial_23_r	240.00	26.20	14907.87
Epithelial_23_ti	271.00	19.85	13642.70
Epithelial_24_r	247.00	28.90	14133.71
Epithelial_25_ti	302.00	39.12	13372.31
Epithelial_26_r	233.00	24.91	13632.55
Epithelial_26_ti	104.00	10.83	11253.26
Epithelial_27_r	230.00	17.12	12962.55
Epithelial_27_ti	117.00	8.93	11959.44
Epithelial_28_r	99.00	9.38	12395.03
Epithelial_28_ti	239.00	15.99	13141.73
Epithelial_29_ti	251.00	19.35	12715.52
Epithelial_2_ti	338.00	244.40	18821.61
Epithelial_31_ti	216.00	33.23	12766.44
Epithelial_32_r	130.00	11.18	9087.71
Epithelial_3_r	259.00	377.51	19594.26
Epithelial_4_ti	330.00	162.75	15705.95
Epithelial_5_r	255.00	191.47	18584.42
Epithelial_6_r	243.00	32.53	12267.91
Epithelial_6_ti	336.00	152.85	14781.17
Epithelial_7_ti	328.00	121.11	18100.72
Epithelial_9_ti	327.00	105.16	16757.00
Mast_r	145.00	13.76	8479.17
Mast_ti	239.00	30.22	9047.12
Mesenchymal_0_r	132.00	15.17	9374.32
Mesenchymal_0_ti	123.00	12.79	9738.07
Mesenchymal_1_ti	124.00	22.03	11317.25
Mesenchymal_2_r	47.00	11.55	7673.74
Mesenchymal_2_ti	83.00	17.39	9352.63
Mesenchymal_3_ti	70.00	11.47	8657.69
Mesenchymal_4_r	44.00	11.66	10001.64
Mesenchymal_4_ti	39.00	9.38	10457.38
Mesenchymal_5_ti	45.00	12.20	10715.07
Mesenchymal_6_r	42.00	10.21	8424.55
Mesenchymal_7_ti	42.00	9.57	9434.14
Myeloid_0_blood	94.00	480.78	18920.07
Myeloid_0_ti	42.00	18.95	9685.57
Myeloid_10_ti	56.00	53.36	11273.66
Myeloid_11_blood	92.00	37.45	13876.96
Myeloid_11_ti	34.00	10.85	10446.15
Myeloid_14_r	48.00	11.79	4315.88
Myeloid_14_ti	162.00	13.04	5108.99
Myeloid_16_ti	35.00	9.91	10573.17
Myeloid_1_blood	93.00	530.46	18685.41
Myeloid_2_r	169.00	22.60	4699.11
Myeloid_2_ti	326.00	145.10	8640.84
Myeloid_3_blood	94.00	222.50	17189.97
Myeloid_4_r	115.00	13.70	10952.01
Myeloid_4_ti	308.00	49.88	13877.10
Myeloid_7_blood	39.00	40.90	5381.49
Myeloid_7_ti	87.00	101.09	5884.23
Myeloid_8_blood	93.00	64.74	15635.57
Myeloid_8_r	44.00	8.02	10018.07
Myeloid_8_ti	228.00	25.63	12177.15
Platelet_blood	90.00	74.83	10152.10
T_0_blood	94.00	817.50	18714.68
T_0_r	112.00	24.12	8741.83
T_0_ti	193.00	106.08	11557.48
T_10_blood	91.00	217.88	15087.75
T_10_ti	103.00	16.70	8631.35
T_12_r	207.00	32.24	10065.59
T_12_ti	317.00	50.14	11665.31
T_13_blood	93.00	150.99	15325.00
T_13_r	80.00	9.14	6714.95
T_13_ti	195.00	23.95	8638.90
T_15_blood	88.00	142.16	14177.03
T_16_r	119.00	12.92	7497.25
T_16_ti	255.00	47.54	10096.77
T_19_blood	89.00	33.98	12258.27
T_19_r	69.00	7.87	6781.03
T_19_ti	209.00	15.93	8675.65
T_1_blood	94.00	898.23	20068.41
T_1_r	82.00	10.24	7576.85
T_1_ti	158.00	24.16	8627.49
T_20_blood	79.00	13.16	11994.41
T_20_r	119.00	10.53	8001.68
T_20_ti	189.00	14.37	9211.76
T_21_blood	62.00	29.03	10728.69
T_21_ti	97.00	18.09	9355.62
T_24_blood	68.00	13.76	10052.50
T_2_blood	56.00	18.11	9335.98
T_2_r	218.00	26.17	9672.89
T_2_ti	337.00	199.45	14366.73
T_3_blood	91.00	114.36	13648.71
T_3_r	217.00	23.30	8925.61
T_3_ti	326.00	77.47	12039.03
T_4_blood	93.00	271.14	16398.90
T_4_r	178.00	20.50	8150.03
T_4_ti	272.00	41.00	9868.99
T_5_r	207.00	65.62	11219.38
T_5_ti	276.00	116.79	12259.08
T_6_r	157.00	13.97	7858.31
T_6_ti	330.00	107.48	12637.06
T_7_blood	89.00	376.09	16777.46
T_8_blood	93.00	343.28	15816.62
T_9_blood	93.00	282.06	16423.33
T_9_r	53.00	15.17	8525.42
T_9_ti	140.00	41.21	9692.80
unannotated_ct	397.00	5533.69	27191.95
unannotated_blood	94.00	5474.97	25704.78
unannotated_r	259.00	2154.76	25556.00
unannotated_ti	341.00	3296.61	26063.92
