MarkerName,rsid,old_region_signal_name,FM study,loci_ID,Signal,Phenotype,region,
chr1:1280044:T:C,rs1268339,delange_region1_signal1,delange,1,1,IBD,1_780044_3066589,
chr1:2566588:A:G,rs2495365,Huang_region2_signal1,Huang,2,1,UC,1_780044_3066589,
chr1:7991181:A:G,rs36016881,Huang_region3_signal1,Huang,3,1,IBD,1_7491181_8712172,
chr1:19811221:T:C,rs4655215,Huang_region4_signal3,Huang,4,3,UC,1_19238082_20420495,
chr1:19816373:C:T,rs3806308,Huang_region4_signal2,Huang,4,2,UC,1_19238082_20420495,
chr1:19845367:G:A,rs6426833,Huang_region4_signal1,Huang,4,1,UC,1_19238082_20420495,
chr1:22373858:A:G,rs34963268,delange_region5_signal1,delange,5,1,UC,1_21478825_22873859,
chr1:24968082:G:A,rs7525903,Liu_region263_noFM,Liu,263,1,CD,1_24446797_26025487,
chr1:28131939:C:T,rs140466198,Liu_region264_noFM,Liu,264,1,CD,1_27631939_29350698,
chr1:33337547:C:T,rs12138864,Liu_region265_noFM,Liu,265,1,UC,1_32837547_33837548,
chr1:56454342:C:T,rs6687307,Liu_region266_noFM,Liu,266,1,UC,1_55639662_56954343,
chr1:62583922:C:G,rs1748195,noFM_region6_signal1,noFM,6,1,CD,1_62083922_63393890,
chr1:67129425:T:A,rs13376554,Huang_region7_signal5,Huang,7,5,UC,1_65786524_68054183,
chr1:67182913:G:A,rs76418789,Huang_region7_signal4,Huang,7,4,CD,1_65786524_68054183,
chr1:67214307:G:A,rs2019262,Huang_region7_signal2,Huang,7,2,IBD,1_65786524_68054183,
chr1:67240217:G:A,rs41313262,Huang_region7_signal3,Huang,7,3,CD,1_65786524_68054183,
chr1:67242007:G:A,rs11581607,Huang_region7_signal1,Huang,7,1,IBD,1_65786524_68054183,
chr1:70529879:G:A,rs2651244,noFM_region8_signal1,noFM,8,1,IBD,1_70029879_71029880,
chr1:78157942:C:T,rs17391694,noFM_region9_signal1,noFM,9,1,CD,1_77657942_78779327,
chr1:92088726:G:A,rs34856868,noFM_region10_signal1,noFM,10,1,IBD,1_91246790_93849934,
chr1:93349933:T:C,rs3767964,Liu_region267_noFM,Liu,267,1,CD,1_91246790_93849934,
chr1:101000498:C:T,rs11583043,noFM_region11_signal1,noFM,11,1,IBD,1_100500498_101500499,
chr1:108112400:A:C,rs17572009,Liu_region268_noFM,Liu,268,1,IBD,1_107612400_108612401,
chr1:113834946:A:G,rs2476601,Huang_region12_signal1,Huang,12,1,CD,1_113334946_114334947,
chr1:119908567:T:C,rs3897478,noFM_region13_signal1,noFM,13,1,CD,1_119380078_121468248,
chr1:150706557:G:A,rs1336900,Liu_region269_noFM,Liu,269,1,IBD,1_149759332_152333344,
chr1:151829204:G:A,rs4845604,delange_region14_signal1,delange,14,1,IBD,1_149759332_152333344,
chr1:155061096:A:G,rs11264305,Huang_region15_signal1,Huang,15,1,CD,1_154561096_156553012,
chr1:159830120:G:A,rs34687326,delange_region16_signal1,delange,16,1,CD,1_159330120_162177018,
chr1:160886023:C:T,rs6427553,Huang_region17_signal1,Huang,17,1,UC,1_159330120_162177018,
chr1:161509955:A:G,rs1801274,Huang_region18_signal1,Huang,18,1,IBD,1_159330120_162177018,
chr1:169549811:C:T,rs6025,noFM_region19_signal1,noFM,19,1,IBD,1_169049811_170662153,
chr1:172884320:C:T,rs7517810,Huang_region20_signal1,Huang,20,1,CD,1_172384320_173878336,
chr1:179134699:T:C,rs72709461,Liu_region270_noFM,Liu,270,1,CD,1_178634699_179775254,
chr1:186906327:G:T,rs10798069,noFM_region21_signal1,noFM,21,1,IBD,1_186151108_187406328,
chr1:191590226:A:T,rs10801047,noFM_region22_signal1,noFM,22,1,CD,1_191090226_192090227,
chr1:197732149:G:C,rs2488397,Huang_region23_signal1,Huang,23,1,IBD,1_197232149_199295556,
chr1:198629533:G:A,rs7555082,noFM_region24_signal1,noFM,24,1,IBD,1_197232149_199295556,
chr1:200108907:G:T,rs2816980,delange_region25_signal1,delange,25,1,UC,1_199608907_201405968,
chr1:200905967:T:C,rs12132298,Huang_region26_signal1,Huang,26,1,IBD,1_199608907_201405968,
chr1:205516162:T:A,rs11240504,Liu_region271_noFM,Liu,271,1,UC,1_205016162_207435895,
chr1:206770623:C:A,rs3024493,Huang_region27_signal1,Huang,27,1,IBD,1_205016162_207435895,
chr1:206791607:T:G,rs6702254,Huang_region27_signal2,Huang,27,2,IBD,1_205016162_207435895,
chr1:209797265:G:A,rs59043219,delange_region28_signal1,delange,28,1,IBD,1_209297265_210297266,
chr1:226819948:C:T,rs11582528,Liu_region272_noFM,Liu,272,1,UC,1_226075302_227400891,
chr1:234599210:C:T,rs10910476,Liu_region273_noFM,Liu,273,1,IBD,1_234099210_235099211,
chr2:5523876:G:T,rs11894081,noFM_region29_signal1,noFM,29,1,CD,2_5023876_6023877,
chr2:24938367:A:G,rs4343432,delange_region30_signal1,delange,30,1,CD,2_24329308_25845671,
chr2:27508073:T:C,rs1260326,delange_region31_signal1,delange,31,1,CD,2_27008073_28891535,
chr2:28391534:T:C,rs11677002,delange_region32_signal1,delange,32,1,IBD,2_27008073_28891535,
chr2:43550825:C:T,rs77981966,Huang_region33_signal1,Huang,33,1,CD,2_43050825_44050826,
chr2:60977721:A:G,rs7608910,Huang_region34_signal1,Huang,34,1,IBD,2_60324363_61477722,
chr2:62325186:A:G,rs11679753,Huang_region35_signal1,Huang,35,1,CD,2_61804949_62825187,
chr2:65459327:C:T,rs11675538,Huang_region36_signal1,Huang,36,1,UC,2_64912994_65972173,
chr2:102322576:C:T,rs13001325,Huang_region37_signal1,Huang,37,1,IBD,2_101446309_103063484,
chr2:105777237:G:A,rs12475901,Liu_region274_noFM,Liu,274,1,CD,2_105277237_106277238,
chr2:111175424:G:T,rs72837826,Liu_region275_noFM,Liu,275,1,UC,2_110343901_112107808,
chr2:127092119:T:C,rs55678466,Liu_region276_noFM,Liu,276,1,IBD,2_126592119_127592120,
chr2:144752048:T:C,rs11683692,delange_region38_signal1,delange,38,1,CD,2_144252048_145252049,
chr2:159937497:A:G,rs4664304,noFM_region39_signal1,noFM,39,1,IBD,2_159437497_161529122,
chr2:162268127:T:C,rs35667974,Huang_region40_signal1,Huang,40,1,UC,2_161714787_163002575,
chr2:172559679:C:G,rs151175749,Liu_region277_noFM,Liu,277,1,CD,2_172059679_173059680,
chr2:181443625:A:G,rs6740847,delange_region41_signal1,delange,41,1,IBD,2_180943625_181943626,
chr2:186711651:A:AT,rs144344067,delange_region42_signal1,delange,42,1,IBD,2_186211651_187211652,
chr2:191100618:C:A,rs12463658,Huang_region43_signal1,Huang,43,1,CD,2_190600618_191600619,
chr2:198035564:C:T,rs1583792,delange_region44_signal1,delange,44,1,CD,2_197535564_200034331,
chr2:198634719:A:G,rs9941524,Huang_region45_signal2,Huang,45,2,UC,2_197535564_200034331,
chr2:198696033:A:G,rs17229679,Huang_region45_signal1,Huang,45,1,UC,2_197535564_200034331,
chr2:203727298:G:A,rs3116494,noFM_region46_signal1,noFM,46,1,IBD,2_201853808_204267954,
chr2:218181399:C:T,rs62183956,delange_region47_signal1,delange,47,1,IBD,2_217681399_218681400,
chr2:227795396:C:T,rs111781203,noFM_region48_signal1,noFM,48,1,IBD,2_227283280_228305761,
chr2:227805760:C:G,rs1811711,delange_region49_signal1,delange,49,1,UC,2_227283280_228305761,
chr2:230296311:T:C,rs35256947,Huang_region50_signal1,Huang,50,1,CD,2_229716690_230796312,
chr2:233252802:G:A,rs6752107,Huang_region51_signal1,Huang,51,1,CD,2_232731216_233847394,
chr2:240634984:G:A,rs4676408,Huang_region52_signal1,Huang,52,1,UC,2_239893724_242646933,
chr2:241545286:C:T,rs76527535,delange_region53_signal1,delange,53,1,IBD,2_239893724_242646933,
chr2:241797926:T:C,rs35320439,noFM_region54_signal1,noFM,54,1,IBD,2_239893724_242646933,
chr3:18763719:T:C,rs73178598,Huang_region55_signal1,Huang,55,1,CD,3_18263719_19263720,
chr3:30608835:T:C,rs6770038,Liu_region278_noFM,Liu,278,1,IBD,3_30108835_31108836,
chr3:46415921:T:C,rs113010081,noFM_region56_signal1,noFM,56,1,UC,3_45371846_48038669,
chr3:49648651:T:C,rs149010539,Huang_region57_signal2,Huang,57,2,CD,3_49148651_50184100,
chr3:49684099:G:A,rs3197999,Huang_region57_signal1,Huang,57,1,IBD,3_49148651_50184100,
chr3:52013158:TGGA:T,rs138317798,Liu_region279_noFM,Liu,279,1,UC,3_51513158_52513159,
chr3:53028645:T:C,rs9847710,noFM_region58_signal1,noFM,58,1,UC,3_52528645_53599134,
chr3:53099133:C:G,rs2581828,delange_region59_signal1,delange,59,1,CD,3_52528645_53599134,
chr3:71126344:C:T,rs2593855,delange_region60_signal1,delange,60,1,IBD,3_70487216_71626345,
chr3:101304904:A:G,rs503734,delange_region61_signal1,delange,61,1,IBD,3_100804904_102442613,
chr3:101850882:A:C,rs616597,noFM_region62_signal1,noFM,62,1,UC,3_100804904_102442613,
chr3:112334718:G:A,rs1317244,Liu_region280_noFM,Liu,280,1,CD,3_111834718_113474907,
chr3:141390479:A:G,rs6808936,delange_region63_signal1,delange,63,1,CD,3_140890479_141987959,
chr3:188683372:C:T,rs56116661,delange_region64_signal1,delange,64,1,CD,3_188183372_189361893,
chr4:3442776:G:A,rs2073505,noFM_region65_signal1,noFM,65,1,IBD,4_2167327_3945430,
chr4:26130739:T:C,rs4692386,noFM_region66_signal1,noFM,66,1,IBD,4_25467309_27402592,
chr4:36061370:A:G,rs61797472,Liu_region281_noFM,Liu,281,1,IBD,4_35436175_36561371,
chr4:38323415:T:C,rs6856616,noFM_region67_signal1,noFM,67,1,IBD,4_37533101_40806352,
chr4:38586832:G:A,rs11734570,delange_region68_signal1,delange,68,1,IBD,4_37533101_40806352,
chr4:48361228:A:G,rs7438704,noFM_region69_signal1,noFM,69,1,CD,4_47861228_48861229,
chr4:73991991:A:G,rs2472649,noFM_region70_signal1,noFM,70,1,IBD,4_73491991_74491992,
chr4:102080492:G:T,rs1813006,Huang_region71_signal1,Huang,71,1,CD,4_101580492_103494462,
chr4:105154341:T:G,rs2189234,noFM_region72_signal1,noFM,72,1,UC,4_104654341_105654342,
chr4:122639784:C:A,rs62324212,delange_region73_signal1,delange,73,1,IBD,4_120204800_123139785,
chr5:554096:C:T,rs72704802,delange_region74_signal1,delange,74,1,UC,5_54096_1054097,
chr5:10695414:T:C,rs2930047,noFM_region75_signal1,noFM,75,1,IBD,5_10195414_11195415,
chr5:35876172:A:G,rs3194051,noFM_region76_signal1,noFM,76,1,UC,5_35376172_36376173,
chr5:38867630:C:T,rs395157,delange_region77_signal1,delange,77,1,IBD,5_38367630_39367631,
chr5:40274697:G:A,rs17225380,Huang_region78_signal2,Huang,78,2,CD,5_39390457_41455460,
chr5:40410482:T:C,rs11742570,Huang_region78_signal1,Huang,78,1,CD,5_39390457_41455460,
chr5:40487168:C:T,rs7725052,Huang_region78_signal3,Huang,78,3,CD,5_39390457_41455460,
chr5:56148856:G:A,rs7731626,Huang_region79_signal1,Huang,79,1,CD,5_55648856_56648857,
chr5:72398072:C:T,rs4703855,noFM_region80_signal1,noFM,80,1,IBD,5_71898072_73744024,
chr5:73244023:C:A,rs34804116,Huang_region81_signal1,Huang,81,1,CD,5_71898072_73744024,
chr5:80229545:A:G,rs10041920,Liu_region282_noFM,Liu,282,1,IBD,5_79729545_80729546,
chr5:96917099:G:A,rs1363907,Huang_region82_signal1,Huang,82,1,CD,5_96417099_97417100,
chr5:102611094:A:G,rs7705924,noFM_region83_signal1,noFM,83,1,CD,5_102111094_103111095,
chr5:112513193:C:T,rs341295,Liu_region283_noFM,Liu,283,1,IBD,5_112013193_113013194,
chr5:130440872:C:T,rs763787,delange_region84_signal1,delange,84,1,IBD,5_129940872_130940873,
chr5:132435113:C:T,rs2188962,Huang_region85_signal1,Huang,85,1,CD,5_131190525_132190525,
chr5:135115775:G:A,rs17715902,delange_region86_signal1,delange,86,1,UC,5_133852196_135653635,
chr5:142146492:C:A,rs181826,Huang_region87_signal1,Huang,87,1,CD,5_141646492_143366577,
chr5:142866576:C:T,rs59672579,Liu_region284_noFM,Liu,284,1,IBD,5_141646492_143366577,
chr5:150226431:C:T,rs17656349,delange_region88_signal1,delange,88,1,UC,5_149669260_151576832,
chr5:150898347:A:G,rs11741861,Huang_region89_signal1,Huang,89,1,IBD,5_149669260_151576832,
chr5:156956411:A:G,rs1363232,Liu_region285_noFM,Liu,285,1,IBD,5_156456411_158142074,
chr5:159349993:G:T,rs7725339,Huang_region90_signal2,Huang,90,2,CD,5_158756192_160000746,
chr5:159400761:C:A,rs56167332,Huang_region90_signal1,Huang,90,1,IBD,5_158756192_160000746,
chr5:172151212:C:T,rs2101594,Liu_region286_noFM,Liu,286,1,IBD,5_171651212_174467164,
chr5:172897975:G:A,rs564349,noFM_region91_signal1,noFM,91,1,IBD,5_171651212_174467164,
chr5:173849887:C:T,rs6873255,Huang_region92_signal1,Huang,92,1,CD,5_171651212_174467164,
chr5:177371039:T:G,rs56235845,delange_region93_signal1,delange,93,1,IBD,5_176871039_178717127,
chr5:178217126:CAG:C,rs55982276,Liu_region287_noFM,Liu,287,1,UC,5_176871039_178717127,
chr6:382559:G:A,rs7773324,noFM_region94_signal1,noFM,94,1,IBD,6_1_946541,
chr6:3433084:T:G,rs17309827,noFM_region95_signal1,noFM,95,1,IBD,6_2933084_3933085,
chr6:14731809:A:AG,rs11417299,delange_region96_signal1,delange,96,1,IBD,6_14038805_15231810,
chr6:19780778:C:T,rs113986290,delange_region97_signal1,delange,97,1,UC,6_19280778_22613885,
chr6:20640188:CT:C,rs796819847,Huang_region98_signal1,Huang,98,1,CD,6_19280778_22613885,
chr6:20712230:C:G,rs3749925,Huang_region98_signal2,Huang,98,2,CD,6_19280778_22613885,
chr6:21385471:T:C,rs4710973,delange_region99_signal1,delange,99,1,IBD,6_19280778_22613885,
chr6:42039665:C:T,rs67289879,delange_region101_signal1,delange,101,1,IBD,6_41539665_42539666,
chr6:43828231:G:T,rs943072,noFM_region102_signal1,noFM,102,1,UC,6_43328231_44772186,
chr6:90239477:A:G,rs62408223,Huang_region103_signal1,Huang,103,1,CD,6_89739477_90739478,
chr6:106026874:C:T,rs4946717,Huang_region104_signal1,Huang,104,1,CD,6_104959734_106582456,
chr6:106082455:G:A,rs28701841,Huang_region104_signal2,Huang,104,2,CD,6_104959734_106582456,
chr6:111567337:C:T,rs34659678,Huang_region105_signal1,Huang,105,1,IBD,6_111067337_112067338,
chr6:116447754:A:G,rs2858829,noFM_region106_signal1,noFM,106,1,UC,6_115947754_118022910,
chr6:117522909:A:G,rs210648,Liu_region288_noFM,Liu,288,1,IBD,6_115947754_118022910,
chr6:127118152:T:G,rs2800709,Huang_region107_signal1,Huang,107,1,CD,6_126618152_128459214,
chr6:127959213:T:G,rs9491892,Huang_region108_signal1,Huang,108,1,CD,6_126618152_128459214,
chr6:137643560:A:G,rs62432712,Huang_region109_signal1,Huang,109,1,UC,6_137143560_138344932,
chr6:137662332:C:A,rs9494844,Huang_region109_signal3,Huang,109,3,CD,6_137143560_138344932,
chr6:137844931:C:G,rs1836846,Huang_region109_signal2,Huang,109,2,CD,6_137143560_138344932,
chr6:143577757:A:G,rs12199775,noFM_region110_signal1,noFM,110,1,IBD,6_143077757_144077758,
chr6:149255943:A:G,rs7758080,noFM_region111_signal1,noFM,111,1,IBD,6_148755943_149961960,
chr6:159069404:C:T,rs212388,Huang_region112_signal1,Huang,112,1,CD,6_158569404_159569405,
chr6:166976754:A:G,rs444210,Huang_region113_signal1,Huang,113,1,CD,6_166476754_168291215,
chr7:944282:T:A,rs74572369,Liu_region289_noFM,Liu,289,1,CD,7_78257_1655687,
chr7:2749278:T:C,rs798506,delange_region114_signal1,delange,114,1,UC,7_2021143_3615177,
chr7:6505557:A:G,rs11768365,delange_region115_signal1,delange,115,1,IBD,7_3901126_7438156,
chr7:17403055:G:A,rs1077773,noFM_region116_signal1,noFM,116,1,UC,7_16714770_18073724,
chr7:20537675:G:A,rs149169037,delange_region117_signal1,delange,117,1,IBD,7_19833338_21037676,
chr7:26852912:G:A,rs3801810,Huang_region118_signal1,Huang,118,1,CD,7_25666136_28690783,
chr7:28151111:ATTT:A,rs56691573,Huang_region119_signal1,Huang,119,1,CD,7_25666136_28690783,
chr7:37417880:A:G,rs73120731,Liu_region290_noFM,Liu,290,1,CD,7_36917880_37917881,
chr7:41935319:C:T,rs1990134,Liu_region291_noFM,Liu,291,1,UC,7_41435319_42435320,
chr7:46834111:A:T,rs6976037,Liu_region292_noFM,Liu,292,1,UC,7_46334111_47334112,
chr7:50176442:G:A,rs6953218,Huang_region120_signal2,Huang,120,2,IBD,7_49667951_50814256,
chr7:50265186:T:A,rs74465132,Huang_region120_signal3,Huang,120,3,IBD,7_49667951_50814256,
chr7:50283578:T:C,rs4917129,Huang_region120_signal1,Huang,120,1,CD,7_49667951_50814256,
chr7:74711703:C:T,rs117026326,Liu_region293_noFM,Liu,293,1,IBD,7_74118332_76032854,
chr7:99171402:G:T,rs4236540,delange_region121_signal1,delange,121,1,IBD,7_98381057_101755911,
chr7:100717894:A:G,rs1734907,noFM_region122_signal1,noFM,122,1,IBD,7_98381057_101755911,
chr7:107806606:C:G,rs7797798,Huang_region123_signal2,Huang,123,2,UC,7_107306606_108339682,
chr7:107839681:A:T,rs6466198,Huang_region123_signal1,Huang,123,1,UC,7_107306606_108339682,
chr7:117252792:T:C,rs38904,noFM_region124_signal1,noFM,124,1,UC,7_116752792_117752793,
chr7:128933913:G:A,rs4728142,Huang_region125_signal1,Huang,125,1,UC,7_128242231_129433914,
chr7:148523356:A:G,rs2538470,noFM_region126_signal1,noFM,126,1,IBD,7_148023356_149238248,
chr7:148738247:A:G,rs243505,delange_region127_signal1,delange,127,1,IBD,7_148023356_149238248,
chr8:27370037:A:G,rs17057051,noFM_region128_signal1,noFM,128,1,IBD,8_26870037_27870038,
chr8:48216682:G:A,rs7011507,noFM_region129_signal1,noFM,129,1,IBD,8_47716682_48716683,
chr8:73095112:G:T,rs12677663,noFM_region130_signal1,noFM,130,1,CD,8_72595112_74308891,
chr8:89863690:T:C,rs7015630,noFM_region131_signal1,noFM,131,1,IBD,8_89363690_90363691,
chr8:115614948:T:C,rs2721933,Liu_region294_noFM,Liu,294,1,UC,8_115114948_116114949,
chr8:125527809:G:A,rs1551398,Huang_region132_signal1,Huang,132,1,CD,8_125027809_126103050,
chr8:128528218:C:A,rs16903065,Huang_region133_signal1,Huang,133,1,CD,8_127265520_129028219,
chr8:129611859:G:C,rs1991866,noFM_region134_signal1,noFM,134,1,IBD,8_129111859_130111860,
chr8:141164479:C:T,rs438041,Liu_region295_noFM,Liu,295,1,IBD,8_140664479_141664480,
chr8:144042819:T:C,rs79832570,Liu_region296_noFM,Liu,296,1,CD,8_143060999_144542820,
chr9:271455:T:C,rs682251,Liu_region297_noFM,Liu,297,1,CD,9_1_771456,
chr9:4984530:G:C,rs1887428,Huang_region135_signal1,Huang,135,1,IBD,9_3580755_6322802,
chr9:34736161:A:G,rs9408254,noFM_region136_signal1,noFM,136,1,CD,9_34236161_35236162,
chr9:88081422:G:A,rs11142085,Liu_region298_noFM,Liu,298,1,IBD,9_87581422_88581423,
chr9:91166134:C:T,rs4743820,noFM_region137_signal1,noFM,137,1,IBD,9_90666134_91666135,
chr9:92674850:A:G,rs10992396,Liu_region299_noFM,Liu,299,1,IBD,9_92174850_93174851,
chr9:114783386:C:T,rs6478106,Huang_region138_signal1,Huang,138,1,IBD,9_114022527_115448648,
chr9:114829725:C:A,rs7468800,Huang_region138_signal3,Huang,138,3,CD,9_114022527_115448648,
chr9:114933607:T:C,rs4979473,Huang_region138_signal2,Huang,138,2,CD,9_114022527_115448648,
chr9:117713024:A:G,rs4986790,noFM_region139_signal1,noFM,139,1,CD,9_117213024_118213025,
chr9:133257521:T:TC,rs8176719,Liu_region300_noFM,Liu,300,1,CD,9_132635004_134593510,
chr9:136365140:C:G,rs141992399,Huang_region140_signal2,Huang,140,2,IBD,9_135865140_137434173,
chr9:136378050:T:C,rs3812565,Huang_region140_signal1,Huang,140,1,IBD,9_135865140_137434173,
chr9:136435514:GTTAT:G,rs146029108,Huang_region140_signal3,Huang,140,3,CD,9_135865140_137434173,
chr10:6047814:GATAA:G,rs12722504,Huang_region141_signal2,Huang,141,2,CD,10_5100441_7107974,
chr10:6052734:C:T,rs61839660,Huang_region141_signal1,Huang,141,1,CD,10_5100441_7107974,
chr10:6607973:C:T,rs4748198,Liu_region301_noFM,Liu,301,1,IBD,10_5100441_7107974,
chr10:26890667:T:G,rs7911117,delange_region142_signal1,delange,142,1,UC,10_26390667_27390668,
chr10:30400387:A:G,rs2265189,Huang_region143_signal1,Huang,143,1,CD,10_29900387_30900388,
chr10:35177257:T:G,rs34779708,Huang_region144_signal1,Huang,144,1,IBD,10_34677257_35677258,
chr10:48182406:G:T,rs769009,Liu_region302_noFM,Liu,302,1,CD,10_47682406_48682407,
chr10:58259033:C:A,rs2790159,Huang_region145_signal1,Huang,145,1,CD,10_57759033_58759034,
chr10:62594503:C:T,rs10761648,Huang_region146_signal2,Huang,146,2,UC,10_60240494_64101958,
chr10:62621908:A:G,rs7915475,Huang_region146_signal3,Huang,146,3,CD,10_60240494_64101958,
chr10:62678726:G:C,rs10995271,Huang_region146_signal1,Huang,146,1,IBD,10_60240494_64101958,
chr10:73895870:G:C,rs2675670,delange_region147_signal1,delange,147,1,CD,10_73395870_74395871,
chr10:79287626:G:C,rs1250563,Huang_region148_signal1,Huang,148,1,CD,10_78747394_79787627,
chr10:80508189:A:C,rs2343551,delange_region149_signal1,delange,149,1,IBD,10_80008189_81008190,
chr10:89146767:C:G,rs11203002,Liu_region303_noFM,Liu,303,1,UC,10_88529704_89646768,
chr10:92669710:C:T,rs7918084,delange_region150_signal1,delange,150,1,IBD,10_92169710_93282690,
chr10:99523573:C:A,rs10748781,Huang_region151_signal1,Huang,151,1,IBD,10_98768514_100488685,
chr10:99528354:CA:C,rs76908010,Huang_region151_signal2,Huang,151,2,UC,10_98768514_100488685,
chr10:101436625:AATAGATAGATAGATAG:AATAGATAGATAGATAGATAG,rs113369211,Liu_region304_noFM,Liu,304,1,UC,10_100936625_101936626,
chr10:102472959:G:A,rs3740415,noFM_region152_signal1,noFM,152,1,IBD,10_101972959_102972960,
chr10:110425838:G:A,rs10884966,delange_region153_signal1,delange,153,1,CD,10_109925838_110931467,
chr10:124750812:G:A,rs111456533,delange_region154_signal1,delange,154,1,IBD,10_124250812_125250813,
chr10:131373856:G:A,rs10734105,noFM_region155_signal1,noFM,155,1,CD,10_130873856_131873857,
chr11:1852842:G:A,rs907611,noFM_region156_signal1,noFM,156,1,IBD,11_1352842_2805691,
chr11:17311651:A:G,rs9645621,Liu_region305_noFM,Liu,305,1,IBD,11_16811651_17811652,
chr11:36410895:C:T,rs77531520,Liu_region306_noFM,Liu,306,1,IBD,11_35910895_36910896,
chr11:56679337:A:T,rs181068528,Liu_region307_noFM,Liu,307,1,IBD,11_56179337_59161722,
chr11:57435536:C:T,rs11229030,noFM_region157_signal1,noFM,157,1,CD,11_56179337_59161722,
chr11:58641214:G:T,rs11229555,noFM_region158_signal1,noFM,158,1,IBD,11_56179337_59161722,
chr11:61008737:C:T,rs11230563,Huang_region159_signal1,Huang,159,1,CD,11_59965293_62296828,
chr11:61796827:G:T,rs4246215,noFM_region160_signal1,noFM,160,1,IBD,11_59965293_62296828,
chr11:64382898:T:C,rs559928,noFM_region161_signal1,noFM,161,1,IBD,11_63113986_64882899,
chr11:65889093:C:T,rs2231884,noFM_region162_signal1,noFM,162,1,CD,11_65389093_66389094,
chr11:73152652:A:G,rs11236797,noFM_region163_signal1,noFM,163,1,CD,11_72652652_73652653,
chr11:76588605:C:A,rs11236797,Huang_region164_signal1,Huang,164,1,IBD,11_76088605_77191660,
chr11:87414396:A:G,rs6592362,noFM_region165_signal1,noFM,165,1,IBD,11_86914396_88872715,
chr11:91270280:A:G,rs79608745,Liu_region308_noFM,Liu,308,1,IBD,11_90770280_91770281,
chr11:96290263:G:A,rs483905,noFM_region166_signal1,noFM,166,1,UC,11_95790263_96790264,
chr11:114559688:A:G,rs661054,Huang_region167_signal1,Huang,167,1,UC,11_113374886_115059689,
chr11:118273990:A:G,rs141340254,Liu_region309_noFM,Liu,309,1,CD,11_117488494_119415274,
chr11:118883644:C:A,rs630923,Huang_region168_signal1,Huang,168,1,CD,11_117488494_119415274,
chr11:118915273:A:T,rs79157249,Huang_region168_signal2,Huang,168,2,CD,11_117488494_119415274,
chr11:128516011:T:C,rs11221335,delange_region169_signal1,delange,169,1,IBD,11_127701361_129016012,
chr12:6383934:G:T,rs28999107,delange_region170_signal1,delange,170,1,CD,12_5836163_6910217,
chr12:37910758:G:A,rs181198871,Liu_region310_noFM,Liu,310,1,IBD,12_37410758_38410759,
chr12:40331158:G:T,rs7307562,Huang_region172_signal2,Huang,172,2,CD,12_39831158_40846422,
chr12:40346421:T:C,rs148319899,Huang_region172_signal1,Huang,172,1,IBD,12_39831158_40846422,
chr12:47814585:T:C,rs11168249,noFM_region173_signal1,noFM,173,1,UC,12_47314585_48314586,
chr12:56076060:G:A,rs199762200,Liu_region311_noFM,Liu,311,1,IBD,12_55576060_56576061,
chr12:68114342:G:A,rs11614178,Huang_region174_signal1,Huang,174,1,UC,12_66931797_68618317,
chr12:69348988:AT:A,rs61576454,Liu_region312_noFM,Liu,312,1,IBD,12_68848988_69848989,
chr12:96137691:A:G,rs4762271,Liu_region313_noFM,Liu,313,1,CD,12_95637691_96637692,
chr12:110259525:G:A,rs117121174,Liu_region314_noFM,Liu,314,1,CD,12_109759525_110759526,
chr12:111569952:C:T,rs653178,noFM_region175_signal1,noFM,175,1,IBD,12_111069952_112672911,
chr12:112172910:G:A,rs11066188,delange_region171_signal1,delange,171,1,IBD,12_111069952_112672911,
chr12:116408331:C:T,rs113281820,Liu_region315_noFM,Liu,315,1,IBD,12_115820361_116924880,
chr12:119709120:G:A,rs11064881,noFM_region176_signal1,noFM,176,1,IBD,12_119209120_120209121,
chr13:26957130:T:C,rs17085007,Huang_region177_signal1,Huang,177,1,UC,13_26445546_27457131,
chr13:40439840:T:C,rs941823,delange_region178_signal1,delange,178,1,IBD,13_39138280_43328617,
chr13:40983974:A:G,rs7329174,noFM_region179_signal1,noFM,179,1,CD,13_39138280_43328617,
chr13:42343725:T:C,rs80244186,delange_region180_signal1,delange,180,1,CD,13_39138280_43328617,
chr13:42478744:G:A,rs2062305,noFM_region181_signal1,noFM,181,1,CD,13_39138280_43328617,
chr13:43910570:G:A,rs6561151,Huang_region182_signal1,Huang,182,1,CD,13_43410570_44410571,
chr13:49021195:A:G,rs2026029,noFM_region183_signal1,noFM,183,1,CD,13_48521195_49521196,
chr13:52062509:C:T,rs184429843,Liu_region316_noFM,Liu,316,1,IBD,13_51562509_52562510,
chr13:99366602:C:T,rs7997823,Huang_region184_signal1,Huang,184,1,CD,13_98671454_99966008,
chr14:65142694:C:G,rs4902367,Liu_region317_noFM,Liu,317,1,UC,14_64642694_65642695,
chr14:68816170:C:T,rs194746,delange_region185_signal1,delange,185,1,IBD,14_66999882_69316171,
chr14:75275048:C:T,rs1569328,noFM_region186_signal1,noFM,186,1,IBD,14_74775048_76036122,
chr14:87998543:C:G,rs10220572,Huang_region187_signal1,Huang,187,1,IBD,14_87475575_88498544,
chr14:105686797:A:G,rs11627111,Liu_region318_noFM,Liu,318,1,IBD,14_104456243_106231744,
chr15:38606558:G:A,rs56083426,Huang_region188_signal1,Huang,188,1,CD,15_38106558_39106559,
chr15:41271752:A:G,rs28374715,noFM_region189_signal1,noFM,189,1,UC,15_40771752_41771753,
chr15:60777789:C:T,rs11071559,Liu_region319_noFM,Liu,319,1,IBD,15_60044595_61296991,
chr15:67150258:C:T,rs17293632,Huang_region190_signal1,Huang,190,1,CD,15_66545552_67665361,
chr15:67165360:A:G,rs35874463,Huang_region190_signal2,Huang,190,2,IBD,15_66545552_67665361,
chr15:79913012:A:G,rs1864239,Liu_region320_noFM,Liu,320,1,IBD,15_79413012_81175205,
chr15:80675204:T:C,rs12440543,Liu_region321_noFM,Liu,321,1,IBD,15_79413012_81175205,
chr15:90629669:C:T,rs7495132,noFM_region191_signal1,noFM,191,1,IBD,15_89840073_91129670,
chr16:2117121:C:T,rs191241541,Liu_region322_noFM,Liu,322,1,IBD,16_1617121_2617122,
chr16:11255821:C:T,rs243332,Huang_region192_signal1,Huang,192,1,CD,16_10346209_12165184,
chr16:23835741:C:G,rs11645239,delange_region193_signal1,delange,193,1,UC,16_22742699_24335742,
chr16:27384341:C:CT,rs201121732,Liu_region323_noFM,Liu,323,1,UC,16_26884341_27884342,
chr16:28517460:G:A,rs28449958,Huang_region194_signal1,Huang,194,1,IBD,16_28017460_29471310,
chr16:30471173:T:C,rs11150589,Huang_region195_signal1,Huang,195,1,UC,16_29971173_31965789,
chr16:50301163:C:A,rs78534766,Luo_region241_signal1,Luo,241,1,UC,16_49599118_51605296,
chr16:50629566:G:A,rs138425259,Huang_region196_signal8,Huang,196,8,UC,16_49599118_51605296,
chr16:50660100:A:G,rs2357623,Huang_region196_signal6,Huang,196,6,CD,16_49599118_51605296,
chr16:50710777:A:G,rs5743271,Huang_region196_signal9,Huang,196,9,CD,16_49599118_51605296,
chr16:50712015:C:T,rs2066844,Huang_region196_signal2,Huang,196,2,CD,16_49599118_51605296,
chr16:50712288:G:A,rs104895444,Huang_region196_signal7,Huang,196,7,CD,16_49599118_51605296,
chr16:50716899:A:G,rs104895467,Huang_region196_signal10,Huang,196,10,CD,16_49599118_51605296,
chr16:50722629:G:C,rs2066845,Huang_region196_signal3,Huang,196,3,CD,16_49599118_51605296,
chr16:50728860:T:C,rs72796367,Huang_region196_signal5,Huang,196,5,CD,16_49599118_51605296,
chr16:50729867:G:GC,rs2066847,Huang_region196_signal1,Huang,196,1,CD,16_49599118_51605296,
chr16:50782167:T:A,rs184788345,Huang_region196_signal4,Huang,196,4,CD,16_49599118_51605296,
chr16:68553789:T:A,rs7203363,delange_region197_signal1,delange,197,1,UC,16_66000328_69053790,
chr16:75463237:C:T,rs8055490,Liu_region324_noFM,Liu,324,1,IBD,16_74963237_75963238,
chr16:78768798:A:G,rs9938250,Liu_region325_noFM,Liu,325,1,IBD,16_78268798_81321307,
chr16:81883307:A:G,rs11548656,delange_region198_signal1,delange,198,1,IBD,16_81383307_83333852,
chr16:81889208:C:T,rs1143687,delange_region198_signal2,delange,198,2,IBD,16_81383307_83333852,
chr16:82833851:C:A,rs10492862,delange_region199_signal1,delange,199,1,CD,16_81383307_83333852,
chr16:85980635:T:C,rs16940202,delange_region200_signal1,delange,200,1,IBD,16_85372526_86654862,
chr17:1453285:C:A,rs16946807,Liu_region326_noFM,Liu,326,1,CD,17_953285_1953286,
chr17:7074375:C:T,rs415704,Liu_region327_noFM,Liu,327,1,IBD,17_6574375_8016961,
chr17:27542007:A:C,rs10775412,Huang_region201_signal1,Huang,201,1,CD,17_27042007_28414052,
chr17:34243528:G:A,rs9889296,Huang_region202_signal1,Huang,202,1,CD,17_33743528_34908151,
chr17:39867492:A:G,rs4795397,Huang_region203_signal1,Huang,203,1,IBD,17_38829907_41213239,
chr17:40619224:C:T,rs9911533,Liu_region328_noFM,Liu,328,1,UC,17_38829907_41213239,
chr17:42375526:A:G,rs12942547,Huang_region204_signal1,Huang,204,1,IBD,17_41522287_43388282,
chr17:47259971:T:G,rs4598971,Liu_region329_noFM,Liu,329,1,CD,17_46759971_48768287,
chr17:48268286:C:T,rs1470831,Liu_region330_noFM,Liu,330,1,IBD,17_46759971_48768287,
chr17:56803632:T:C,rs3853824,noFM_region205_signal1,noFM,205,1,CD,17_56303632_57303633,
chr17:59886176:A:G,rs1292053,noFM_region206_signal1,noFM,206,1,IBD,17_59386176_60386177,
chr17:62449865:G:A,rs9904398,Liu_region331_noFM,Liu,331,1,IBD,17_61949865_62949866,
chr17:72615055:C:CG,rs113846785,delange_region207_signal1,delange,207,1,IBD,17_72115055_73115056,
chr17:78741036:A:G,rs17736589,noFM_region208_signal1,noFM,208,1,UC,17_78241036_79241037,
chr17:81183249:G:T,rs116885423,Liu_region332_noFM,Liu,332,1,UC,17_80657099_81908617,
chr18:2734945:C:G,rs663411,Liu_region333_noFM,Liu,333,1,IBD,18_2234945_3234946,
chr18:12818923:G:A,rs80262450,Huang_region209_signal1,Huang,209,1,IBD,18_12298655_13403349,
chr18:44806588:T:C,rs16978179,Liu_region334_noFM,Liu,334,1,CD,18_44306588_45306589,
chr18:48878443:C:G,rs1319951,delange_region210_signal1,delange,210,1,IBD,18_48261080_50156028,
chr18:50977537:G:A,rs9635956,Liu_region335_noFM,Liu,335,1,IBD,18_50477537_51477538,
chr18:59212595:T:C,rs9319943,noFM_region211_signal1,noFM,211,1,CD,18_58712595_59712596,
chr18:69863203:G:A,rs727088,noFM_region212_signal1,noFM,212,1,IBD,18_69363203_70363204,
chr18:79460616:C:T,rs7236492,noFM_region213_signal1,noFM,213,1,CD,18_78960616_80020064,
chr19:1123653:G:A,rs4807570,Huang_region214_signal1,Huang,214,1,CD,19_367872_1754124,
chr19:1179495:C:T,rs74610550,Huang_region214_signal2,Huang,214,2,CD,19_367872_1754124,
chr19:10352442:G:C,rs34536443,Huang_region215_signal2,Huang,215,2,CD,19_9626168_11103383,
chr19:10402235:G:A,rs11879191,Huang_region215_signal1,Huang,215,1,IBD,19_9626168_11103383,
chr19:10458207:G:C,rs145530718,Huang_region215_signal3,Huang,215,3,CD,19_9626168_11103383,
chr19:18522945:T:C,rs172032,Liu_region336_noFM,Liu,336,1,CD,19_16540599_20148843,
chr19:33257277:A:G,rs62126610,delange_region216_signal1,delange,216,1,IBD,19_32736419_34665502,
chr19:34165501:C:T,rs587259,noFM_region217_signal1,noFM,217,1,CD,19_32736419_34665502,
chr19:36991870:G:A,rs1644682,Liu_region337_noFM,Liu,337,1,CD,19_36491870_37491871,
chr19:40712706:G:A,rs2604913,Liu_region338_noFM,Liu,338,1,IBD,19_40212706_41212707,
chr19:46346549:G:T,rs4802307,noFM_region218_signal1,noFM,218,1,CD,19_45215887_47704171,
chr19:48703417:G:A,rs601338,Huang_region219_signal1,Huang,219,1,CD,19_48193018_50925886,
chr19:54203491:G:A,rs34587409,Liu_region339_noFM,Liu,339,1,CD,19_53703491_55371596,
chr19:54871595:G:A,rs11672983,noFM_region220_signal1,noFM,220,1,IBD,19_53703491_55371596,
chr20:6113242:T:G,rs4256018,delange_region221_signal1,delange,221,1,IBD,20_5613242_6613243,
chr20:14618543:C:A,rs6042824,Liu_region340_noFM,Liu,340,1,CD,20_14118543_15118544,
chr20:32137845:A:G,rs6142618,noFM_region222_signal1,noFM,222,1,IBD,20_31637845_33288477,
chr20:32788476:T:G,rs4911259,noFM_region223_signal1,noFM,223,1,IBD,20_31637845_33288477,
chr20:35211477:T:G,rs6088765,noFM_region224_signal1,noFM,224,1,IBD,20_34147580_35147580,
chr20:40169106:T:G,rs6071961,Liu_region341_noFM,Liu,341,1,IBD,20_39669106_41849925,
chr20:41301389:T:G,rs17181845,Liu_region342_noFM,Liu,342,1,IBD,20_39669106_41849925,
chr20:44436388:A:C,rs6017342,Huang_region225_signal1,Huang,225,1,UC,20_43936388_45061732,
chr20:44561731:C:T,rs79493594,Huang_region225_signal2,Huang,225,2,CD,20_43936388_45061732,
chr20:46120612:T:C,rs4239702,Huang_region226_signal1,Huang,226,1,CD,20_45605657_46620613,
chr20:50339058:A:G,rs6063502,delange_region227_signal1,delange,227,1,IBD,20_49746554_50839059,
chr20:59279977:G:A,rs4812068,delange_region228_signal1,delange,228,1,IBD,20_58152667_59779978,
chr20:63697746:G:A,rs6062496,Huang_region229_signal1,Huang,229,1,IBD,20_63061666_64630347,
chr21:15425772:G:T,rs2403966,Huang_region230_signal2,Huang,230,2,CD,21_14925772_15953292,
chr21:15434376:A:G,rs1736137,Huang_region230_signal1,Huang,230,1,CD,21_14925772_15953292,
chr21:33404389:A:G,rs2284553,delange_region231_signal1,delange,231,1,CD,21_32765726_34278453,
chr21:39091357:G:A,rs9977672,Huang_region232_signal1,Huang,232,1,IBD,21_38308459_39591358,
chr21:44193942:T:C,rs2838517,Huang_region233_signal1,Huang,233,1,IBD,21_43302063_44693943,
chr22:21590189:T:G,rs2283789,Huang_region234_signal1,Huang,234,1,CD,22_20947200_22090190,
chr22:26641724:G:C,rs5761654,Liu_region343_noFM,Liu,343,1,IBD,22_26141724_27141725,
chr22:29775282:A:G,rs131294,Huang_region235_signal1,Huang,235,1,IBD,22_29225689_30744607,
chr22:35333728:G:A,rs138788,delange_region236_signal1,delange,236,1,UC,22_34833728_35833729,
chr22:36862461:T:C,rs4821544,delange_region237_signal1,delange,237,1,CD,22_36362461_37975679,
chr22:39264824:T:C,rs2143178,Huang_region238_signal1,Huang,238,1,IBD,22_38764824_40611279,
chr22:39266545:C:T,rs5757584,Huang_region238_signal2,Huang,238,2,CD,22_38764824_40611279,
chr22:41471373:C:T,rs727563,noFM_region239_signal1,noFM,239,1,CD,22_40971373_41971374,
chr22:50001001:A:G,rs137845,delange_region240_signal1,delange,240,1,UC,22_49463202_51040503,